Country,Year,Scenario,CO2_Projected
Australia,2025,BAU,417.5154047515767
Australia,2025,Moderate,417.5154047515767
Australia,2025,Aggressive,417.5154047515767
Australia,2026,BAU,418.7127222692376
Australia,2026,Moderate,410.33846782385285
Australia,2026,Aggressive,397.7770861557757
Australia,2027,BAU,419.8093839691816
Australia,2027,Moderate,403.184932364002
Australia,2027,Aggressive,378.8779690321864
Australia,2028,BAU,420.81385176188
Australia,2028,Moderate,396.06663076746736
Australia,2028,Aggressive,360.7952761543418
Australia,2029,BAU,421.7338761838326
Australia,2029,Moderate,388.99389938534944
Australia,2029,Aggressive,343.50487798845774
Australia,2030,BAU,422.576556201193
Australia,2030,Moderate,381.97573739038233
Australia,2030,Aggressive,326.9816838228805
Australia,2031,BAU,423.3483939858373
Australia,2031,Moderate,375.01994926336477
Australia,2031,Aggressive,311.1999713281064
Australia,2032,BAU,424.0553450865301
Australia,2032,Moderate,368.1332725793658
Australia,2032,Aggressive,296.1336630818294
Australia,2033,BAU,424.7028643823119
Australia,2033,Moderate,361.3214926010378
Australia,2033,Aggressive,281.7565574582135
Australia,2034,BAU,425.2959481726884
Australia,2034,Moderate,354.5895450319991
Australia,2034,Aggressive,268.0425202941048
Australia,2035,BAU,425.8391727293909
Australia,2035,Moderate,347.94160814467426
Australia,2035,Aggressive,254.96564288779877
Australia,2036,BAU,426.336729607176
Australia,2036,Moderate,341.3811853726045
Australia,2036,Aggressive,242.50037114140574
Australia,2037,BAU,426.7924579861248
Australia,2037,Moderate,334.91117934559406
Australia,2037,Aggressive,230.62161001113458
Australia,2038,BAU,427.2098742949975
Australia,2038,Moderate,328.5339582458476
Australia,2038,Aggressive,219.3048068681694
Australia,2039,BAU,427.59219934421833
Australia,2039,Moderate,322.25141527329987
Australia,2039,Aggressive,208.52601688515503
Australia,2040,BAU,427.9423831778507
Australia,2040,Moderate,316.0650219276007
Australia,2040,Aggressive,198.26195313996286
Brazil,2025,BAU,485.74341093283454
Brazil,2025,Moderate,485.74341093283454
Brazil,2025,Aggressive,485.74341093283454
Brazil,2026,BAU,489.9737321169282
Brazil,2026,Moderate,480.17425747458964
Brazil,2026,Aggressive,465.47504551108176
Brazil,2027,BAU,493.991925755213
Brazil,2027,Moderate,474.42984549530655
Brazil,2027,Aggressive,445.8277129940797
Brazil,2028,BAU,497.8086288876989
Brazil,2028,Moderate,468.53349904007104
Brazil,2028,Aggressive,426.8086731925908
Brazil,2029,BAU,501.4339451648274
Brazil,2029,Moderate,462.5067053632227
Brazil,2029,Aggressive,408.42108229890914
Brazil,2030,BAU,504.87747159405023
Brazil,2030,Moderate,456.3692464096632
Brazil,2030,Aggressive,390.6645632926737
Brazil,2031,BAU,508.1483239452135
Brazil,2031,Moderate,450.139321115679
Brazil,2031,Aggressive,373.5357121668119
Brazil,2032,BAU,511.255160882
Brazil,2032,Moderate,443.8336591658238
Brazil,2032,Aggressive,357.02854666431085
Brazil,2033,BAU,514.2062068833117
Brazil,2033,Moderate,437.46762679836115
Brazil,2033,Aggressive,341.1349035420394
Brazil,2034,BAU,517.009274015269
Brazil,2034,Moderate,431.05532521076395
Brazil,2034,Aggressive,325.844789770272
Brazil,2035,BAU,519.6717826114642
Brazil,2035,Moderate,424.60968207860407
Brazil,2035,Aggressive,311.14669252934016
Brazil,2036,BAU,522.2007809162117
Brazil,2036,Moderate,418.1425366656364
Brazil,2036,Aggressive,297.0278523719805
Brazil,2037,BAU,524.6029637427968
Brazil,2037,Moderate,411.66471896981346
Brazil,2037,Aggressive,283.47450347613665
Brazil,2038,BAU,526.8846901961155
Brazil,2038,Moderate,405.1861233191863
Brazil,2038,Aggressive,270.4720845133504
Brazil,2039,BAU,529.0520005066197
Brazil,2039,Moderate,398.7157768029896
Brazil,2039,Aggressive,258.0054232980949
Brazil,2040,BAU,531.1106320201329
Brazil,2040,Moderate,392.26190289654284
Brazil,2040,Aggressive,246.05889805953132
China,2025,BAU,10869.83235310018
China,2025,Moderate,10869.83235310018
China,2025,Aggressive,10869.83235310018
China,2026,BAU,11076.775186579553
China,2026,Moderate,10855.239682847961
China,2026,Aggressive,10522.936427250574
China,2027,BAU,11254.16867622293
China,2027,Moderate,10808.503596644501
China,2027,Aggressive,10156.887230291193
China,2028,BAU,11406.232169501576
China,2028,Moderate,10735.454468077527
China,2028,Aggressive,9779.418306326412
China,2029,BAU,11536.58253373755
China,2029,Moderate,10640.97640433164
China,2029,Aggressive,9396.618577370069
China,2030,BAU,11648.320184176211
China,2030,Moderate,10529.158862262082
China,2030,Aggressive,9013.248112412039
China,2031,BAU,11744.102828119963
China,2031,Moderate,10403.424010373423
China,2031,Aggressive,8632.99475161711
China,2032,BAU,11826.20867914546
China,2032,Moderate,10266.63371587014
China,2032,Aggressive,8258.682592034877
China,2033,BAU,11896.590644969869
China,2033,Moderate,10121.179415532759
China,2033,Aggressive,7892.441296555334
China,2034,BAU,11956.92277783784
China,2034,Moderate,9969.057607985314
China,2034,Aggressive,7535.8435228550325
China,2035,BAU,12008.640092262958
China,2035,Moderate,9811.933267087623
China,2035,Aggressive,7190.016413256805
China,2036,BAU,12052.97269719837
China,2036,Moderate,9651.19310837806
China,2036,Aggressive,6855.731982372081
China,2037,BAU,12090.975054478637
China,2037,Moderate,9487.990331509669
China,2037,Aggressive,6533.480340364829
China,2038,BAU,12123.551059451973
China,2038,Moderate,9323.282202056618
China,2038,Aggressive,6223.528957604523
China,2039,BAU,12151.475540351845
China,2039,Moderate,9157.861618015544
China,2039,Aggressive,5925.970580363954
China,2040,BAU,12175.412687775708
China,2040,Moderate,8992.383623147969
China,2040,Aggressive,5640.761921822273
Germany,2025,BAU,757.1890545469546
Germany,2025,Moderate,757.1890545469546
Germany,2025,Aggressive,757.1890545469546
Germany,2026,BAU,750.0862105511542
Germany,2026,Moderate,735.0844863401311
Germany,2026,Aggressive,712.5819000235964
Germany,2027,BAU,743.0188807753328
Germany,2027,Moderate,713.5953330966296
Germany,2027,Aggressive,670.5745398997378
Germany,2028,BAU,735.9868876483906
Germany,2028,Moderate,692.704970759564
Germany,2028,Aggressive,631.0167577975388
Germany,2029,BAU,728.9900544870831
Germany,2029,Moderate,672.3972152155504
Germany,2029,Aggressive,593.7669555675697
Germany,2030,BAU,722.0282054915821
Germany,2030,Moderate,652.6563108200249
Germany,2030,Aggressive,558.6916617467189
Germany,2031,BAU,715.1011657410586
Germany,2031,Moderate,633.4669192186811
Germany,2031,Aggressive,525.665067912736
Germany,2032,BAU,708.2087611892878
Germany,2032,Moderate,614.8141084574494
Germany,2032,Aggressive,494.5685913588313
Germany,2033,BAU,701.3508186602758
Germany,2033,Moderate,596.6833423736259
Germany,2033,Aggressive,465.290462600537
Germany,2034,BAU,694.5271658439087
Germany,2034,Moderate,579.0604702609543
Germany,2034,Aggressive,437.72533631082916
Germany,2035,BAU,687.7376312916236
Germany,2035,Moderate,561.9317168016396
Germany,2035,Aggressive,411.77392435859934
Germany,2036,BAU,680.9820444121
Germany,2036,Moderate,545.2836722584583
Germany,2036,Aggressive,387.3426497002146
Germany,2037,BAU,674.2602354669739
Germany,2037,Moderate,529.1032829202984
Germany,2037,Aggressive,364.34331994436405
Germany,2038,BAU,667.5720355665734
Germany,2038,Moderate,513.3778417946372
Germany,2038,Aggressive,342.6928194768845
Germany,2039,BAU,660.917276665675
Germany,2039,Moderate,498.0949795406241
Germany,2039,Aggressive,322.3128190950257
Germany,2040,BAU,654.295791559281
Germany,2040,Moderate,483.24265563660236
Germany,2040,Aggressive,303.1295021598487
India,2025,BAU,2812.4409652445406
India,2025,Moderate,2812.4409652445406
India,2025,Aggressive,2812.4409652445406
India,2026,BAU,2931.0530617904496
India,2026,Moderate,2872.4320005546406
India,2026,Aggressive,2784.500408700927
India,2027,BAU,3049.0720978536287
India,2027,Moderate,2928.3288427786247
India,2027,Aggressive,2751.7875683129
India,2028,BAU,3166.5010387364923
India,2028,Moderate,2980.2854456504765
India,2028,Aggressive,2714.8788280866997
India,2029,BAU,3283.342834914941
India,2029,Moderate,3028.4508892896774
India,2029,Aggressive,2674.303259930937
India,2030,BAU,3399.600422112498
India,2030,Moderate,3072.9695223575454
India,2030,Aggressive,2630.546001747604
India,2031,BAU,3515.276721374067
India,2031,Moderate,3113.9811002577994
India,2031,Aggressive,2584.051411184914
India,2032,BAU,3630.374639139329
India,2032,Moderate,3151.620919488198
India,2032,Aggressive,2535.2260093038813
India,2033,BAU,3744.8970673157633
India,2033,Moderate,3186.019948247223
India,2033,Aggressive,2484.441227531768
India,2034,BAU,3858.846883351316
India,2034,Moderate,3217.304953397063
India,2034,Aggressive,2432.0359704498146
India,2035,BAU,3972.226950306691
India,2035,Moderate,3245.5986238814476
India,2035,Aggressive,2378.319006186827
India,2036,BAU,4085.040116927289
India,2036,Moderate,3271.019690694292
India,2036,Aggressive,2323.5711954612816
India,2037,BAU,4197.289217714784
India,2037,Moderate,3293.6830434925464
India,2037,Aggressive,2268.0475696298004
India,2038,BAU,4308.977072998342
India,2038,Moderate,3313.6998439441936
India,2038,Aggressive,2211.979267456592
India,2039,BAU,4420.106489005481
India,2039,Moderate,3331.1776358999023
India,2039,Aggressive,2155.575339714165
India,2040,BAU,4530.680257932586
India,2040,Moderate,3346.2204524745166
India,2040,Aggressive,2099.024430158095
Japan,2025,BAU,1132.5512923789863
Japan,2025,Moderate,1132.5512923789863
Japan,2025,Aggressive,1132.5512923789863
Japan,2026,BAU,1129.5744146124716
Japan,2026,Moderate,1106.982926320222
Japan,2026,Aggressive,1073.095693881848
Japan,2027,BAU,1126.6124212347895
Japan,2027,Moderate,1081.9985693538918
Japan,2027,Aggressive,1016.7677101643975
Japan,2028,BAU,1123.6652378239955
Japan,2028,Moderate,1057.5847325180418
Japan,2028,Aggressive,963.4024832793481
Japan,2029,BAU,1120.7327903302555
Japan,2029,Moderate,1033.7282416685835
Japan,2029,Aggressive,912.8438623039325
Japan,2030,BAU,1117.8150050739844
Japan,2030,Moderate,1010.4162300614719
Japan,2030,Aggressive,864.9439425777147
Japan,2031,BAU,1114.9118087439947
Japan,2031,Moderate,987.6361311111688
Japan,2031,Aggressive,819.5626293697612
Japan,2032,BAU,1112.0231283956548
Japan,2032,Moderate,965.3756713211635
Japan,2032,Aggressive,776.5672246775342
Japan,2033,BAU,1109.1488914490565
Japan,2033,Moderate,943.622863382436
Japan,2033,Aggressive,735.8320359289183
Japan,2034,BAU,1106.2890256871913
Japan,2034,Moderate,922.3659994358395
Japan,2034,Aggressive,697.2380054241652
Japan,2035,BAU,1103.4434592541354
Japan,2035,Moderate,901.5936444944807
Japan,2035,Aggressive,660.6723594164297
Japan,2036,BAU,1100.6121206532448
Japan,2036,Moderate,881.29463002227
Japan,2036,Aggressive,626.0282757881556
Japan,2037,BAU,1097.7949387453586
Japan,2037,Moderate,861.4580476649031
Japan,2037,Aggressive,593.2045693360409
Japan,2038,BAU,1094.991842747012
Japan,2038,Moderate,842.073243129631
Japan,2038,Aggressive,562.1053937298151
Japan,2039,BAU,1092.202762228657
Japan,2039,Moderate,823.1298102102555
Japan,2039,Aggressive,532.6399592597841
Japan,2040,BAU,1089.4276271128938
Japan,2040,Moderate,804.6175849538815
Japan,2040,Aggressive,504.72226553515327
Russia,2025,BAU,1712.517350126645
Russia,2025,Moderate,1712.517350126645
Russia,2025,Aggressive,1712.517350126645
Russia,2026,BAU,1714.5237770318329
Russia,2026,Moderate,1680.2333014911962
Russia,2026,Aggressive,1628.797588180241
Russia,2027,BAU,1716.5201718024944
Russia,2027,Moderate,1648.5459729991155
Russia,2027,Aggressive,1549.1594550517511
Russia,2028,BAU,1718.5065845993026
Russia,2028,Moderate,1617.4446493721866
Russia,2028,Aggressive,1473.4045829708268
Russia,2029,BAU,1720.4830653321271
Russia,2029,Moderate,1586.9187992815537
Russia,2029,Aggressive,1401.3442097321756
Russia,2030,BAU,1722.449663661287
Russia,2030,Moderate,1556.9580724246025
Russia,2030,Aggressive,1332.79871554439
Russia,2031,BAU,1724.4064289988016
Russia,2031,Moderate,1527.5522966414865
Russia,2031,Aggressive,1267.5971820986335
Russia,2032,BAU,1726.3534105096287
Russia,2032,Moderate,1498.691475070965
Russia,2032,Aggressive,1205.5769727975173
Russia,2033,BAU,1728.2906571129013
Russia,2033,Moderate,1470.365783345232
Russia,2033,Aggressive,1146.5833331346978
Russia,2034,BAU,1730.2182174831576
Russia,2034,Moderate,1442.5655668233994
Russia,2034,Aggressive,1090.4690102635254
Russia,2035,BAU,1732.1361400515627
Russia,2035,Moderate,1415.2813378632911
Russia,2035,Aggressive,1037.0938908386522
Russia,2036,BAU,1734.0444730071258
Russia,2036,Moderate,1388.5037731312138
Russia,2036,Aggressive,986.324656257938
Russia,2037,BAU,1735.943264297911
Russia,2037,Moderate,1362.2237109493503
Russia,2037,Aggressive,938.0344544733828
Russia,2038,BAU,1737.8325616322422
Russia,2038,Moderate,1336.4321486804336
Russia,2038,Aggressive,892.1025875792536
Russia,2039,BAU,1739.712412479902
Russia,2039,Moderate,1311.1202401493383
Russia,2039,Aggressive,848.4142144231637
Russia,2040,BAU,1741.5828640733232
Russia,2040,Moderate,1286.2792931012466
Russia,2040,Aggressive,806.8600675216759
South Africa,2025,BAU,454.8566382020709
South Africa,2025,Moderate,454.8566382020709
South Africa,2025,Aggressive,454.8566382020709
South Africa,2026,BAU,456.1025156927964
South Africa,2026,Moderate,446.98046537894044
South Africa,2026,Aggressive,433.29738990815656
South Africa,2027,BAU,457.24763686630047
South Africa,2027,Moderate,439.14063044639494
South Africa,2027,Aggressive,412.66599227183616
South Africa,2028,BAU,458.3001500642425
South Africa,2028,Moderate,431.3484348392645
South Africa,2028,Aggressive,392.93509116132986
South Africa,2029,BAU,459.2675446574734
South Africa,2029,Moderate,423.6137601134315
South Africa,2029,Aggressive,374.07628554566617
South Africa,2030,BAU,460.1567043381713
South Africa,2030,Moderate,415.94521483822183
South Africa,2030,Aggressive,356.0604860797004
South Africa,2031,BAU,460.97395610214727
South Africa,2031,Moderate,408.35026678982314
South Africa,2031,Aggressive,338.8582169200131
South Africa,2032,BAU,461.7251152698657
South Africa,2032,Moderate,400.83536190705536
South Africa,2032,Aggressive,322.4398685361329
South Africa,2033,BAU,462.415526866535
South Africa,2033,Moderate,393.40603132572215
South Africa,2033,Aggressive,306.7759082685556
South Africa,2034,BAU,463.05010365571707
South Africa,2034,Moderate,386.066987677088
South Africa,2034,Aggressive,291.83705450193474
South Africa,2035,BAU,463.6333610970916
South Africa,2035,Moderate,378.82221171830815
South Africa,2035,Aggressive,277.5944195520746
South Africa,2036,BAU,464.1694494771239
South Africa,2036,Moderate,371.67503025660653
South Africa,2036,Aggressive,264.01962569450154
South Africa,2037,BAU,464.6621834412693
South Africa,2037,Moderate,364.6281862334914
South Africa,2037,Aggressive,251.08489817783644
South Africa,2038,BAU,465.1150691378548
South Africa,2038,Moderate,357.68390174927146
South Africa,2038,Aggressive,238.7631385559173
South Africa,2039,BAU,465.5313291667885
South Africa,2039,Moderate,350.84393473065
South Africa,2039,Aggressive,227.0279812290383
South Africa,2040,BAU,465.9139255106215
South Africa,2040,Moderate,344.1096298743772
South Africa,2040,Aggressive,215.85383569837538
United Kingdom,2025,BAU,341.9531436627108
United Kingdom,2025,Moderate,341.9531436627108
United Kingdom,2025,Aggressive,341.9531436627108
United Kingdom,2026,BAU,325.84853949625983
United Kingdom,2026,Moderate,319.3315687063346
United Kingdom,2026,Aggressive,309.55611252144683
United Kingdom,2027,BAU,309.82445835064107
United Kingdom,2027,Moderate,297.55540979995567
United Kingdom,2027,Aggressive,279.6165736614536
United Kingdom,2028,BAU,293.88049761075047
United Kingdom,2028,Moderate,276.5979733072574
United Kingdom,2028,Aggressive,251.96579163901714
United Kingdom,2029,BAU,278.01625667455926
United Kingdom,2029,Moderate,256.4333431190009
United Kingdom,2029,Aggressive,226.4459786630327
United Kingdom,2030,BAU,262.2313369430491
United Kingdom,2030,Moderate,237.0363590354902
United Kingdom,2030,Aggressive,202.90960974167083
United Kingdom,2031,BAU,246.5253418101964
United Kingdom,2031,Moderate,218.38259573245577
United Kingdom,2031,Aggressive,181.21877959823158
United Kingdom,2032,BAU,230.897876653008
United Kingdom,2032,Moderate,200.44834229492795
United Kingdom,2032,Aggressive,161.24459885564977
United Kingdom,2033,BAU,215.3485488216056
United Kingdom,2033,Moderate,183.21058230407039
United Kingdom,2033,Aggressive,142.86662713670327
United Kingdom,2034,BAU,199.8769676293601
United Kingdom,2034,Moderate,166.6469744623394
United Kingdom,2034,Aggressive,125.97234086594901
United Kingdom,2035,BAU,184.4827443430759
United Kingdom,2035,Moderate,150.7358337427147
United Kingdom,2035,Aggressive,110.45663369026958
United Kingdom,2036,BAU,169.1654921732231
United Kingdom,2036,Moderate,135.45611304811894
United Kingdom,2036,Aggressive,96.22134755812202
United Kingdom,2037,BAU,153.92482626421958
United Kingdom,2037,Moderate,120.78738536750666
United Kingdom,2037,Aggressive,83.17483261358981
United Kingdom,2038,BAU,138.76036368476105
United Kingdom,2038,Moderate,106.70982641545588
United Kingdom,2038,Aggressive,71.23153417055698
United Kingdom,2039,BAU,123.67172341819985
United Kingdom,2039,Moderate,93.2041977424392
United Kingdom,2039,Aggressive,60.311605135152156
United Kingdom,2040,BAU,108.65852635297142
United Kingdom,2040,Moderate,80.25183030328606
United Kingdom,2040,Aggressive,50.34054234141407
United States,2025,BAU,5292.583455935092
United States,2025,Moderate,5292.583455935092
United States,2025,Aggressive,5292.583455935092
United States,2026,BAU,5288.646128592201
United States,2026,Moderate,5182.873206020357
United States,2026,Aggressive,5024.213822162591
United States,2027,BAU,5285.49626671789
United States,2027,Moderate,5076.1906145558605
United States,2027,Aggressive,4770.160380712895
United States,2028,BAU,5282.976377218441
United States,2028,Moderate,4972.295102426978
United States,2028,Aggressive,4529.49187141766
United States,2029,BAU,5280.960465618881
United States,2029,Moderate,4870.98978770563
United States,2029,Aggressive,4301.3753052494885
United States,2030,BAU,5279.347736339233
United States,2030,Moderate,4772.112212416036
United States,2030,Aggressive,4085.0586408130735
United States,2031,BAU,5278.057552915515
United States,2031,Moderate,4675.527069011897
United States,2031,Aggressive,3879.857305400226
United States,2032,BAU,5277.025406176541
United States,2032,Moderate,4581.120494693499
United States,2032,Aggressive,3685.143653567347
United States,2033,BAU,5276.199688785361
United States,2033,Moderate,4488.79559497611
United States,2033,Aggressive,3500.3386731012
United States,2034,BAU,5275.5391148724175
United States,2034,Moderate,4398.468931054949
United States,2034,Aggressive,3324.905413127428
United States,2035,BAU,5275.010655742062
United States,2035,Moderate,4310.067762848885
United States,2035,Aggressive,3158.343734468835
United States,2036,BAU,5274.587888437779
United States,2036,Moderate,4223.527884557297
United States,2036,Aggressive,3000.1860776637054
United States,2037,BAU,5274.249674594352
United States,2037,Moderate,4138.791924807014
United States,2037,Aggressive,2849.9940165184366
United States,2038,BAU,5273.979103519609
United States,2038,Moderate,4055.80801109651
United States,2038,Aggressive,2707.3554201733314
United States,2039,BAU,5273.762646659817
United States,2039,Moderate,3974.52871990652
United States,2039,Aggressive,2571.882088570086
United States,2040,BAU,5273.589481171982
United States,2040,Moderate,3894.910250829431
United States,2040,Aggressive,2443.207758089701
